{"cameraMode":{"drawMode":0,"name":"Shaded","section":"Shading Mode"},"sceneLighting":false,"audioPlay":false,"sceneViewState":{"showFog":true,"showMaterialUpdate":true,"showSkybox":false,"showFlares":true,"showImageEffects":true,"showParticleSystems":true,"showVisualEffectGraphs":true,"m_FxEnabled":true},"in2DMode":false,"pivot":{"x":72.54000091552735,"y":23.121999740600587,"z":43.249000549316409},"rotation":{"x":0.03164859488606453,"y":0.8753584027290344,"z":-0.05786379054188728,"w":0.47902193665504458},"size":0.16504798829555512,"orthographic":false}