{"cameraMode":{"drawMode":0,"name":"Shaded","section":"Shading Mode"},"sceneLighting":false,"audioPlay":false,"sceneViewState":{"showFog":false,"showMaterialUpdate":false,"showSkybox":false,"showFlares":false,"showImageEffects":false,"showParticleSystems":false,"showVisualEffectGraphs":true,"m_FxEnabled":true},"in2DMode":false,"pivot":{"x":1.1920928955078126e-7,"y":0.8423442244529724,"z":0.027632981538772584},"rotation":{"x":0.04159275069832802,"y":0.6087398529052734,"z":0.031999096274375918,"w":-0.791666567325592},"size":1.123968243598938,"orthographic":false}