{"cameraMode":{"drawMode":0,"name":"Shaded","section":"Shading Mode"},"sceneLighting":false,"audioPlay":false,"sceneViewState":{"showFog":true,"showMaterialUpdate":true,"showSkybox":false,"showFlares":true,"showImageEffects":true,"showParticleSystems":true,"showVisualEffectGraphs":true,"m_FxEnabled":true},"in2DMode":false,"pivot":{"x":6.958101749420166,"y":2.2770981788635256,"z":-3.4612226486206056},"rotation":{"x":0.04584855958819389,"y":-0.03926563635468483,"z":0.0018013233784586192,"w":0.9982017874717712},"size":0.4330126941204071,"orthographic":false}