{"cameraMode":{"drawMode":0,"name":"Shaded","section":"Shading Mode"},"sceneLighting":false,"audioPlay":false,"sceneViewState":{"showFog":true,"showMaterialUpdate":true,"showSkybox":false,"showFlares":true,"showImageEffects":true,"showParticleSystems":true,"showVisualEffectGraphs":true,"m_FxEnabled":true},"in2DMode":false,"pivot":{"x":6.201193332672119,"y":4.654884338378906,"z":0.22392559051513673},"rotation":{"x":0.06707531213760376,"y":0.19154058396816255,"z":-0.013124639168381691,"w":0.9791291952133179},"size":8.58284854888916,"orthographic":false}