{"cameraMode":{"drawMode":0,"name":"Shaded","section":"Shading Mode"},"sceneLighting":false,"audioPlay":false,"sceneViewState":{"showFog":true,"showMaterialUpdate":true,"showSkybox":true,"showFlares":true,"showImageEffects":true,"showParticleSystems":true},"in2DMode":false,"pivot":{"x":-0.27077293395996096,"y":1.8087520599365235,"z":2.655856132507324},"rotation":{"x":0.08587068319320679,"y":0.6400678753852844,"z":-0.07231314480304718,"w":0.7600725889205933},"size":2.0615527629852297,"orthographic":false}