{"cameraMode":{"drawMode":0,"name":"Shaded","section":"Shading Mode"},"sceneLighting":false,"audioPlay":false,"sceneViewState":{"showFog":true,"showMaterialUpdate":true,"showSkybox":false,"showFlares":true,"showImageEffects":true,"showParticleSystems":true,"showVisualEffectGraphs":true,"m_FxEnabled":true},"in2DMode":false,"pivot":{"x":79.60919952392578,"y":23.672121047973634,"z":49.682926177978519},"rotation":{"x":0.06707531213760376,"y":0.19154058396816255,"z":-0.013124639168381691,"w":0.9791291952133179},"size":2.150322675704956,"orthographic":false}