{"cameraMode":{"drawMode":0,"name":"Shaded","section":"Shading Mode"},"sceneLighting":false,"audioPlay":false,"sceneViewState":{"showFog":true,"showMaterialUpdate":true,"showSkybox":false,"showFlares":true,"showImageEffects":true,"showParticleSystems":true,"showVisualEffectGraphs":true,"m_FxEnabled":true},"in2DMode":false,"pivot":{"x":5.650000095367432,"y":2.1500000953674318,"z":-0.05000000819563866},"rotation":{"x":0.06707531213760376,"y":0.19154058396816255,"z":-0.013124639168381691,"w":0.9791291952133179},"size":0.1499999761581421,"orthographic":false}