{"cameraMode":{"drawMode":0,"name":"Shaded","section":"Shading Mode"},"sceneLighting":false,"audioPlay":false,"sceneViewState":{"showFog":true,"showMaterialUpdate":true,"showSkybox":false,"showFlares":true,"showImageEffects":true,"showParticleSystems":true,"showVisualEffectGraphs":true,"m_FxEnabled":true},"in2DMode":false,"pivot":{"x":4.090666770935059,"y":5.37593412399292,"z":-0.028446674346923829},"rotation":{"x":0.06707531213760376,"y":0.19154058396816255,"z":-0.013124639168381691,"w":0.9791291952133179},"size":13.115350723266602,"orthographic":false}